Workbook

Sheet Inputs
A1: FC_AMT | B1: 11494253
A2: S0 | B2: 1.0875
A3: F0_1Y | B3: 1.091
A4: r_USD_12M | B4: 4.85
A5: r_EUR_12M | B5: 3.15
A6: t | B6: 1
A7: K_put | B7: 1.09
A8: K_call | B8: 1.13
A9: Prem_put | B9: 0.017
A10: Prem_call | B10: 0.012
A11: Plan_USD | B11: 12500000

Sheet Forward
A1: Forward Hedge
A3: FC_AMT | B3: =Inputs!$B$1 -> 11494253
A4: F0_1Y | B4: =Inputs!$B$3 -> 1.091
A6: USD_forward (Locked USD Proceeds) | B6: =B3*B4 -> 12540230

Sheet MoneyMarket
A1: Money Market Hedge
A3: Step | B3: Value | C3: Formula
A4: 1. EUR PV | B4: =Inputs!$B$1 / (1 + Inputs!$B$5/100 * Inputs!$B$6) -> 11143241
A5: 2. USD Borrowed (EUR_PV * S0) | B5: =B4 * Inputs!$B$2 -> 12118274
A6: 3. USD at Maturity | B6: =B5 * (1 + Inputs!$B$4/100 * Inputs!$B$6) -> 12706011

Sheet Option
A1: Option Hedge Analysis
A3: Put Premium Total | B3: =Inputs!$B$1 * Inputs!$B$9 -> 195402.3
A4: Call Premium Total | B4: =Inputs!$B$1 * Inputs!$B$10 -> 137931.04
A5: Net Collar Premium (Put - Call) | B5: =B3 - B4 -> 57471.265
A7: Put Payoff (Base at S0) | B7: =Inputs!$B$1 * MAX( Inputs!$B$2, Inputs!$B$7 ) - ( Inputs!$B$1 * Inputs!$B$9 ) -> 12333333
A8: Collar Payoff (Base at S0) | B8: =Inputs!$B$1 * MAX( MIN( Inputs!$B$2, Inputs!$B$8 ), Inputs!$B$7 ) - ( Inputs!$B$1 * ( Inputs!$B$9 - Inputs!$B$10 ) ) -> 12471265

Sheet Sensitivity
A1: Sensitivity Analysis (-10% to +10%)
A3: Scenario | B3: S_T | C3: Unhedged | D3: Forward | E3: MoneyMarket | F3: PutOnly | G3: Collar
A4: -10% | B4: =Inputs!$B$2*(1+-10/100) -> 0.97875 | C4: =Inputs!$B$1 * B4 -> 11250000 | D4: =Inputs!$B$1 * Inputs!$B$3 -> 12540230 | E4: =MoneyMarket!$B$6 -> 12706011 | F4: =Inputs!$B$1 * MAX(B4, Inputs!$B$7) - (Inputs!$B$1 * Inputs!$B$9) -> 12333333 | G4: =Inputs!$B$1 * MAX(MIN(B4, Inputs!$B$8), Inputs!$B$7) - ( Inputs!$B$1 * ( Inputs!$B$9 - Inputs!$B$10 ) ) -> 12471265
A5: -9% | B5: =Inputs!$B$2*(1+-9/100) -> 0.989625 | C5: =Inputs!$B$1 * B5 -> 11375000 | D5: =Inputs!$B$1 * Inputs!$B$3 -> 12540230 | E5: =MoneyMarket!$B$6 -> 12706011 | F5: =Inputs!$B$1 * MAX(B5, Inputs!$B$7) - (Inputs!$B$1 * Inputs!$B$9) -> 12333333 | G5: =Inputs!$B$1 * MAX(MIN(B5, Inputs!$B$8), Inputs!$B$7) - ( Inputs!$B$1 * ( Inputs!$B$9 - Inputs!$B$10 ) ) -> 12471265
A6: -8% | B6: =Inputs!$B$2*(1+-8/100) -> 1.0005 | C6: =Inputs!$B$1 * B6 -> 11500000 | D6: =Inputs!$B$1 * Inputs!$B$3 -> 12540230 | E6: =MoneyMarket!$B$6 -> 12706011 | F6: =Inputs!$B$1 * MAX(B6, Inputs!$B$7) - (Inputs!$B$1 * Inputs!$B$9) -> 12333333 | G6: =Inputs!$B$1 * MAX(MIN(B6, Inputs!$B$8), Inputs!$B$7) - ( Inputs!$B$1 * ( Inputs!$B$9 - Inputs!$B$10 ) ) -> 12471265
A7: -7% | B7: =Inputs!$B$2*(1+-7/100) -> 1.011375 | C7: =Inputs!$B$1 * B7 -> 11625000 | D7: =Inputs!$B$1 * Inputs!$B$3 -> 12540230 | E7: =MoneyMarket!$B$6 -> 12706011 | F7: =Inputs!$B$1 * MAX(B7, Inputs!$B$7) - (Inputs!$B$1 * Inputs!$B$9) -> 12333333 | G7: =Inputs!$B$1 * MAX(MIN(B7, Inputs!$B$8), Inputs!$B$7) - ( Inputs!$B$1 * ( Inputs!$B$9 - Inputs!$B$10 ) ) -> 12471265
A8: -6% | B8: =Inputs!$B$2*(1+-6/100) -> 1.02225 | C8: =Inputs!$B$1 * B8 -> 11750000 | D8: =Inputs!$B$1 * Inputs!$B$3 -> 12540230 | E8: =MoneyMarket!$B$6 -> 12706011 | F8: =Inputs!$B$1 * MAX(B8, Inputs!$B$7) - (Inputs!$B$1 * Inputs!$B$9) -> 12333333 | G8: =Inputs!$B$1 * MAX(MIN(B8, Inputs!$B$8), Inputs!$B$7) - ( Inputs!$B$1 * ( Inputs!$B$9 - Inputs!$B$10 ) ) -> 12471265
A9: -5% | B9: =Inputs!$B$2*(1+-5/100) -> 1.033125 | C9: =Inputs!$B$1 * B9 -> 11875000 | D9: =Inputs!$B$1 * Inputs!$B$3 -> 12540230 | E9: =MoneyMarket!$B$6 -> 12706011 | F9: =Inputs!$B$1 * MAX(B9, Inputs!$B$7) - (Inputs!$B$1 * Inputs!$B$9) -> 12333333 | G9: =Inputs!$B$1 * MAX(MIN(B9, Inputs!$B$8), Inputs!$B$7) - ( Inputs!$B$1 * ( Inputs!$B$9 - Inputs!$B$10 ) ) -> 12471265
A10: -4% | B10: =Inputs!$B$2*(1+-4/100) -> 1.044 | C10: =Inputs!$B$1 * B10 -> 12000000 | D10: =Inputs!$B$1 * Inputs!$B$3 -> 12540230 | E10: =MoneyMarket!$B$6 -> 12706011 | F10: =Inputs!$B$1 * MAX(B10, Inputs!$B$7) - (Inputs!$B$1 * Inputs!$B$9) -> 12333333 | G10: =Inputs!$B$1 * MAX(MIN(B10, Inputs!$B$8), Inputs!$B$7) - ( Inputs!$B$1 * ( Inputs!$B$9 - Inputs!$B$10 ) ) -> 12471265
A11: -3% | B11: =Inputs!$B$2*(1+-3/100) -> 1.054875 | C11: =Inputs!$B$1 * B11 -> 12125000 | D11: =Inputs!$B$1 * Inputs!$B$3 -> 12540230 | E11: =MoneyMarket!$B$6 -> 12706011 | F11: =Inputs!$B$1 * MAX(B11, Inputs!$B$7) - (Inputs!$B$1 * Inputs!$B$9) -> 12333333 | G11: =Inputs!$B$1 * MAX(MIN(B11, Inputs!$B$8), Inputs!$B$7) - ( Inputs!$B$1 * ( Inputs!$B$9 - Inputs!$B$10 ) ) -> 12471265
A12: -2% | B12: =Inputs!$B$2*(1+-2/100) -> 1.06575 | C12: =Inputs!$B$1 * B12 -> 12250000 | D12: =Inputs!$B$1 * Inputs!$B$3 -> 12540230 | E12: =MoneyMarket!$B$6 -> 12706011 | F12: =Inputs!$B$1 * MAX(B12, Inputs!$B$7) - (Inputs!$B$1 * Inputs!$B$9) -> 12333333 | G12: =Inputs!$B$1 * MAX(MIN(B12, Inputs!$B$8), Inputs!$B$7) - ( Inputs!$B$1 * ( Inputs!$B$9 - Inputs!$B$10 ) ) -> 12471265
A13: -1% | B13: =Inputs!$B$2*(1+-1/100) -> 1.076625 | C13: =Inputs!$B$1 * B13 -> 12375000 | D13: =Inputs!$B$1 * Inputs!$B$3 -> 12540230 | E13: =MoneyMarket!$B$6 -> 12706011 | F13: =Inputs!$B$1 * MAX(B13, Inputs!$B$7) - (Inputs!$B$1 * Inputs!$B$9) -> 12333333 | G13: =Inputs!$B$1 * MAX(MIN(B13, Inputs!$B$8), Inputs!$B$7) - ( Inputs!$B$1 * ( Inputs!$B$9 - Inputs!$B$10 ) ) -> 12471265
A14: 0% | B14: =Inputs!$B$2*(1+0/100) -> 1.0875 | C14: =Inputs!$B$1 * B14 -> 12500000 | D14: =Inputs!$B$1 * Inputs!$B$3 -> 12540230 | E14: =MoneyMarket!$B$6 -> 12706011 | F14: =Inputs!$B$1 * MAX(B14, Inputs!$B$7) - (Inputs!$B$1 * Inputs!$B$9) -> 12333333 | G14: =Inputs!$B$1 * MAX(MIN(B14, Inputs!$B$8), Inputs!$B$7) - ( Inputs!$B$1 * ( Inputs!$B$9 - Inputs!$B$10 ) ) -> 12471265
A15: 1% | B15: =Inputs!$B$2*(1+1/100) -> 1.098375 | C15: =Inputs!$B$1 * B15 -> 12625000 | D15: =Inputs!$B$1 * Inputs!$B$3 -> 12540230 | E15: =MoneyMarket!$B$6 -> 12706011 | F15: =Inputs!$B$1 * MAX(B15, Inputs!$B$7) - (Inputs!$B$1 * Inputs!$B$9) -> 12429598 | G15: =Inputs!$B$1 * MAX(MIN(B15, Inputs!$B$8), Inputs!$B$7) - ( Inputs!$B$1 * ( Inputs!$B$9 - Inputs!$B$10 ) ) -> 12567529
A16: 2% | B16: =Inputs!$B$2*(1+2/100) -> 1.10925 | C16: =Inputs!$B$1 * B16 -> 12750000 | D16: =Inputs!$B$1 * Inputs!$B$3 -> 12540230 | E16: =MoneyMarket!$B$6 -> 12706011 | F16: =Inputs!$B$1 * MAX(B16, Inputs!$B$7) - (Inputs!$B$1 * Inputs!$B$9) -> 12554598 | G16: =Inputs!$B$1 * MAX(MIN(B16, Inputs!$B$8), Inputs!$B$7) - ( Inputs!$B$1 * ( Inputs!$B$9 - Inputs!$B$10 ) ) -> 12692529
A17: 3% | B17: =Inputs!$B$2*(1+3/100) -> 1.120125 | C17: =Inputs!$B$1 * B17 -> 12875000 | D17: =Inputs!$B$1 * Inputs!$B$3 -> 12540230 | E17: =MoneyMarket!$B$6 -> 12706011 | F17: =Inputs!$B$1 * MAX(B17, Inputs!$B$7) - (Inputs!$B$1 * Inputs!$B$9) -> 12679598 | G17: =Inputs!$B$1 * MAX(MIN(B17, Inputs!$B$8), Inputs!$B$7) - ( Inputs!$B$1 * ( Inputs!$B$9 - Inputs!$B$10 ) ) -> 12817529
A18: 4% | B18: =Inputs!$B$2*(1+4/100) -> 1.131 | C18: =Inputs!$B$1 * B18 -> 13000000 | D18: =Inputs!$B$1 * Inputs!$B$3 -> 12540230 | E18: =MoneyMarket!$B$6 -> 12706011 | F18: =Inputs!$B$1 * MAX(B18, Inputs!$B$7) - (Inputs!$B$1 * Inputs!$B$9) -> 12804598 | G18: =Inputs!$B$1 * MAX(MIN(B18, Inputs!$B$8), Inputs!$B$7) - ( Inputs!$B$1 * ( Inputs!$B$9 - Inputs!$B$10 ) ) -> 12931035
A19: 5% | B19: =Inputs!$B$2*(1+5/100) -> 1.141875 | C19: =Inputs!$B$1 * B19 -> 13125000 | D19: =Inputs!$B$1 * Inputs!$B$3 -> 12540230 | E19: =MoneyMarket!$B$6 -> 12706011 | F19: =Inputs!$B$1 * MAX(B19, Inputs!$B$7) - (Inputs!$B$1 * Inputs!$B$9) -> 12929598 | G19: =Inputs!$B$1 * MAX(MIN(B19, Inputs!$B$8), Inputs!$B$7) - ( Inputs!$B$1 * ( Inputs!$B$9 - Inputs!$B$10 ) ) -> 12931035
A20: 6% | B20: =Inputs!$B$2*(1+6/100) -> 1.15275 | C20: =Inputs!$B$1 * B20 -> 13250000 | D20: =Inputs!$B$1 * Inputs!$B$3 -> 12540230 | E20: =MoneyMarket!$B$6 -> 12706011 | F20: =Inputs!$B$1 * MAX(B20, Inputs!$B$7) - (Inputs!$B$1 * Inputs!$B$9) -> 13054598 | G20: =Inputs!$B$1 * MAX(MIN(B20, Inputs!$B$8), Inputs!$B$7) - ( Inputs!$B$1 * ( Inputs!$B$9 - Inputs!$B$10 ) ) -> 12931035
A21: 7% | B21: =Inputs!$B$2*(1+7/100) -> 1.163625 | C21: =Inputs!$B$1 * B21 -> 13375000 | D21: =Inputs!$B$1 * Inputs!$B$3 -> 12540230 | E21: =MoneyMarket!$B$6 -> 12706011 | F21: =Inputs!$B$1 * MAX(B21, Inputs!$B$7) - (Inputs!$B$1 * Inputs!$B$9) -> 13179598 | G21: =Inputs!$B$1 * MAX(MIN(B21, Inputs!$B$8), Inputs!$B$7) - ( Inputs!$B$1 * ( Inputs!$B$9 - Inputs!$B$10 ) ) -> 12931035
A22: 8% | B22: =Inputs!$B$2*(1+8/100) -> 1.1745 | C22: =Inputs!$B$1 * B22 -> 13500000 | D22: =Inputs!$B$1 * Inputs!$B$3 -> 12540230 | E22: =MoneyMarket!$B$6 -> 12706011 | F22: =Inputs!$B$1 * MAX(B22, Inputs!$B$7) - (Inputs!$B$1 * Inputs!$B$9) -> 13304598 | G22: =Inputs!$B$1 * MAX(MIN(B22, Inputs!$B$8), Inputs!$B$7) - ( Inputs!$B$1 * ( Inputs!$B$9 - Inputs!$B$10 ) ) -> 12931035
A23: 9% | B23: =Inputs!$B$2*(1+9/100) -> 1.185375 | C23: =Inputs!$B$1 * B23 -> 13625000 | D23: =Inputs!$B$1 * Inputs!$B$3 -> 12540230 | E23: =MoneyMarket!$B$6 -> 12706011 | F23: =Inputs!$B$1 * MAX(B23, Inputs!$B$7) - (Inputs!$B$1 * Inputs!$B$9) -> 13429598 | G23: =Inputs!$B$1 * MAX(MIN(B23, Inputs!$B$8), Inputs!$B$7) - ( Inputs!$B$1 * ( Inputs!$B$9 - Inputs!$B$10 ) ) -> 12931035
A24: 10% | B24: =Inputs!$B$2*(1+10/100) -> 1.19625 | C24: =Inputs!$B$1 * B24 -> 13750000 | D24: =Inputs!$B$1 * Inputs!$B$3 -> 12540230 | E24: =MoneyMarket!$B$6 -> 12706011 | F24: =Inputs!$B$1 * MAX(B24, Inputs!$B$7) - (Inputs!$B$1 * Inputs!$B$9) -> 13554598 | G24: =Inputs!$B$1 * MAX(MIN(B24, Inputs!$B$8), Inputs!$B$7) - ( Inputs!$B$1 * ( Inputs!$B$9 - Inputs!$B$10 ) ) -> 12931035

Sheet Summary
A1: Summary Comparison
A3: Strategy | B3: USD Proceeds | C3: vs Plan | D3: Premium | E3: Notes
A4: Unhedged (Spot) | B4: =Inputs!$B$1 * Inputs!$B$2 -> 12500000 | C4: =B4 - Inputs!$B$11 -> 0.1375 | D4: $0 | E4: Full exposure
A5: Forward Contract | B5: =Inputs!$B$1 * Inputs!$B$3 -> 12540230 | C5: =B5 - Inputs!$B$11 -> 40230.023 | D5: $0 | E5: Certainty, no upside
A6: Money Market | B6: =MoneyMarket!$B$6 -> 12706011 | C6: =B6 - Inputs!$B$11 -> 206010.8 | D6: $0 | E6: Replicates forward
A7: Protective Put | B7: =Option!$B$7 -> 12333333 | C7: =B7 - Inputs!$B$11 -> -166666.53 | D7: =Option!$B$3 -> 195402.3 | E7: Floor at K_put
A8: Zero-Cost Collar | B8: =Option!$B$8 -> 12471265 | C8: =B8 - Inputs!$B$11 -> -28735.495 | D8: =ABS(Option!$B$5) -> 57471.265 | E8: Floor/Cap
