Workbook

Sheet Inputs
A1: FC_AMT | B1: 11494253
A2: S0 | B2: 1.1737
A3: F0_1Y | B3: 1.1937
A4: r_USD_12M | B4: 3.55
A5: r_EUR_12M | B5: 2.04
A6: t | B6: 1
A7: K_put | B7: 1.09
A8: K_call | B8: 1.13
A9: Prem_put | B9: 0.017
A10: Prem_call | B10: 0.012
A11: Plan_USD | B11: 12500000

Sheet Forward
A1: Forward Hedge
A3: FC_AMT | B3: =Inputs!$B$1 -> 11494253
A4: F0_1Y | B4: =Inputs!$B$3 -> 1.1937
A6: USD_forward (Locked USD Proceeds) | B6: =B3*B4 -> 13720690

Sheet MoneyMarket
A1: Money Market Hedge
A3: Step | B3: Value | C3: Formula
A4: 1. EUR PV | B4: =Inputs!$B$1 / (1 + Inputs!$B$5/100 * Inputs!$B$6) -> 11264458 | C4: FC_AMT / (1 + r_EUR_12M * t)
A5: 2. USD Borrowed (EUR_PV * S0) | B5: =B4 * Inputs!$B$2 -> 13221094 | C5: EUR_PV * S0
A6: 3. USD at Maturity | B6: =B5 * (1 + Inputs!$B$4/100 * Inputs!$B$6) -> 13690443 | C6: USD_today * (1 + r_USD_12M * t)

Sheet Option
A1: Option Hedge Analysis
A3: Put Premium Total | B3: =Inputs!$B$1 * Inputs!$B$9 -> 195402.3
A4: Call Premium Total | B4: =Inputs!$B$1 * Inputs!$B$10 -> 137931.04
A5: Net Collar Premium (Put - Call) | B5: =B3 - B4 -> 57471.265
A7: Put Only USD Proceeds (at S0) | B7: =Inputs!$B$1*Inputs!$B$2 + Inputs!$B$1*MAX(Inputs!$B$7-Inputs!$B$2,0) - B3 -> 13295402
A8: Collar USD Proceeds (at S0) | B8: =Inputs!$B$1*Inputs!$B$2 + Inputs!$B$1*MAX(Inputs!$B$7-Inputs!$B$2,0) - Inputs!$B$1*MAX(Inputs!$B$2-Inputs!$B$8,0) - B5 -> 12931035

Sheet Sensitivity
A1: Sensitivity Analysis (-10% to +10%)
A3: Scenario | B3: S_T | C3: Unhedged | D3: Forward | E3: MoneyMarket | F3: PutOnly | G3: Collar
A4: -0.1 | B4: =Inputs!$B$2*(1+A4) -> 1.05633 | C4: =Inputs!$B$1*B4 -> 12141724 | D4: =Inputs!$B$1*Inputs!$B$3 -> 13720690 | E4: =MoneyMarket!$B$6 -> 13690443 | F4: =Inputs!$B$1*B4+Inputs!$B$1*MAX(Inputs!$B$7-B4,0)-Option!$B$3 -> 12333333 | G4: =Inputs!$B$1*B4+Inputs!$B$1*MAX(Inputs!$B$7-B4,0)-Inputs!$B$1*MAX(B4-Inputs!$B$8,0)-Option!$B$5 -> 12471265
A5: -0.09 | B5: =Inputs!$B$2*(1+A5) -> 1.068067 | C5: =Inputs!$B$1*B5 -> 12276632 | D5: =Inputs!$B$1*Inputs!$B$3 -> 13720690 | E5: =MoneyMarket!$B$6 -> 13690443 | F5: =Inputs!$B$1*B5+Inputs!$B$1*MAX(Inputs!$B$7-B5,0)-Option!$B$3 -> 12333333 | G5: =Inputs!$B$1*B5+Inputs!$B$1*MAX(Inputs!$B$7-B5,0)-Inputs!$B$1*MAX(B5-Inputs!$B$8,0)-Option!$B$5 -> 12471265
A6: -0.08 | B6: =Inputs!$B$2*(1+A6) -> 1.079804 | C6: =Inputs!$B$1*B6 -> 12411540 | D6: =Inputs!$B$1*Inputs!$B$3 -> 13720690 | E6: =MoneyMarket!$B$6 -> 13690443 | F6: =Inputs!$B$1*B6+Inputs!$B$1*MAX(Inputs!$B$7-B6,0)-Option!$B$3 -> 12333333 | G6: =Inputs!$B$1*B6+Inputs!$B$1*MAX(Inputs!$B$7-B6,0)-Inputs!$B$1*MAX(B6-Inputs!$B$8,0)-Option!$B$5 -> 12471265
A7: -0.07 | B7: =Inputs!$B$2*(1+A7) -> 1.091541 | C7: =Inputs!$B$1*B7 -> 12546448 | D7: =Inputs!$B$1*Inputs!$B$3 -> 13720690 | E7: =MoneyMarket!$B$6 -> 13690443 | F7: =Inputs!$B$1*B7+Inputs!$B$1*MAX(Inputs!$B$7-B7,0)-Option!$B$3 -> 12351046 | G7: =Inputs!$B$1*B7+Inputs!$B$1*MAX(Inputs!$B$7-B7,0)-Inputs!$B$1*MAX(B7-Inputs!$B$8,0)-Option!$B$5 -> 12488977
A8: -0.06 | B8: =Inputs!$B$2*(1+A8) -> 1.103278 | C8: =Inputs!$B$1*B8 -> 12681356 | D8: =Inputs!$B$1*Inputs!$B$3 -> 13720690 | E8: =MoneyMarket!$B$6 -> 13690443 | F8: =Inputs!$B$1*B8+Inputs!$B$1*MAX(Inputs!$B$7-B8,0)-Option!$B$3 -> 12485954 | G8: =Inputs!$B$1*B8+Inputs!$B$1*MAX(Inputs!$B$7-B8,0)-Inputs!$B$1*MAX(B8-Inputs!$B$8,0)-Option!$B$5 -> 12623885
A9: -0.05 | B9: =Inputs!$B$2*(1+A9) -> 1.115015 | C9: =Inputs!$B$1*B9 -> 12816265 | D9: =Inputs!$B$1*Inputs!$B$3 -> 13720690 | E9: =MoneyMarket!$B$6 -> 13690443 | F9: =Inputs!$B$1*B9+Inputs!$B$1*MAX(Inputs!$B$7-B9,0)-Option!$B$3 -> 12620862 | G9: =Inputs!$B$1*B9+Inputs!$B$1*MAX(Inputs!$B$7-B9,0)-Inputs!$B$1*MAX(B9-Inputs!$B$8,0)-Option!$B$5 -> 12758793
A10: -0.04 | B10: =Inputs!$B$2*(1+A10) -> 1.126752 | C10: =Inputs!$B$1*B10 -> 12951173 | D10: =Inputs!$B$1*Inputs!$B$3 -> 13720690 | E10: =MoneyMarket!$B$6 -> 13690443 | F10: =Inputs!$B$1*B10+Inputs!$B$1*MAX(Inputs!$B$7-B10,0)-Option!$B$3 -> 12755770 | G10: =Inputs!$B$1*B10+Inputs!$B$1*MAX(Inputs!$B$7-B10,0)-Inputs!$B$1*MAX(B10-Inputs!$B$8,0)-Option!$B$5 -> 12893701
A11: -0.03 | B11: =Inputs!$B$2*(1+A11) -> 1.138489 | C11: =Inputs!$B$1*B11 -> 13086081 | D11: =Inputs!$B$1*Inputs!$B$3 -> 13720690 | E11: =MoneyMarket!$B$6 -> 13690443 | F11: =Inputs!$B$1*B11+Inputs!$B$1*MAX(Inputs!$B$7-B11,0)-Option!$B$3 -> 12890678 | G11: =Inputs!$B$1*B11+Inputs!$B$1*MAX(Inputs!$B$7-B11,0)-Inputs!$B$1*MAX(B11-Inputs!$B$8,0)-Option!$B$5 -> 12931035
A12: -0.02 | B12: =Inputs!$B$2*(1+A12) -> 1.150226 | C12: =Inputs!$B$1*B12 -> 13220989 | D12: =Inputs!$B$1*Inputs!$B$3 -> 13720690 | E12: =MoneyMarket!$B$6 -> 13690443 | F12: =Inputs!$B$1*B12+Inputs!$B$1*MAX(Inputs!$B$7-B12,0)-Option!$B$3 -> 13025586 | G12: =Inputs!$B$1*B12+Inputs!$B$1*MAX(Inputs!$B$7-B12,0)-Inputs!$B$1*MAX(B12-Inputs!$B$8,0)-Option!$B$5 -> 12931035
A13: -0.01 | B13: =Inputs!$B$2*(1+A13) -> 1.161963 | C13: =Inputs!$B$1*B13 -> 13355897 | D13: =Inputs!$B$1*Inputs!$B$3 -> 13720690 | E13: =MoneyMarket!$B$6 -> 13690443 | F13: =Inputs!$B$1*B13+Inputs!$B$1*MAX(Inputs!$B$7-B13,0)-Option!$B$3 -> 13160494 | G13: =Inputs!$B$1*B13+Inputs!$B$1*MAX(Inputs!$B$7-B13,0)-Inputs!$B$1*MAX(B13-Inputs!$B$8,0)-Option!$B$5 -> 12931035
A14: 0 | B14: =Inputs!$B$2*(1+A14) -> 1.1737 | C14: =Inputs!$B$1*B14 -> 13490805 | D14: =Inputs!$B$1*Inputs!$B$3 -> 13720690 | E14: =MoneyMarket!$B$6 -> 13690443 | F14: =Inputs!$B$1*B14+Inputs!$B$1*MAX(Inputs!$B$7-B14,0)-Option!$B$3 -> 13295402 | G14: =Inputs!$B$1*B14+Inputs!$B$1*MAX(Inputs!$B$7-B14,0)-Inputs!$B$1*MAX(B14-Inputs!$B$8,0)-Option!$B$5 -> 12931035
A15: 0.01 | B15: =Inputs!$B$2*(1+A15) -> 1.185437 | C15: =Inputs!$B$1*B15 -> 13625713 | D15: =Inputs!$B$1*Inputs!$B$3 -> 13720690 | E15: =MoneyMarket!$B$6 -> 13690443 | F15: =Inputs!$B$1*B15+Inputs!$B$1*MAX(Inputs!$B$7-B15,0)-Option!$B$3 -> 13430310 | G15: =Inputs!$B$1*B15+Inputs!$B$1*MAX(Inputs!$B$7-B15,0)-Inputs!$B$1*MAX(B15-Inputs!$B$8,0)-Option!$B$5 -> 12931035
... A24: 0.1 | B24: =Inputs!$B$2*(1+A24) -> 1.29107 | C24: =Inputs!$B$1*B24 -> 14839885 | D24: =Inputs!$B$1*Inputs!$B$3 -> 13720690 | E24: =MoneyMarket!$B$6 -> 13690443 | F24: =Inputs!$B$1*B24+Inputs!$B$1*MAX(Inputs!$B$7-B24,0)-Option!$B$3 -> 14644483 | G24: =Inputs!$B$1*B24+Inputs!$B$1*MAX(Inputs!$B$7-B24,0)-Inputs!$B$1*MAX(B24-Inputs!$B$8,0)-Option!$B$5 -> 12931035

Sheet Summary
A1: Summary Comparison
A3: Strategy | B3: USD Proceeds | C3: vs Plan | D3: Premium | E3: Notes
A4: Unhedged (Spot) | B4: =Inputs!$B$1 * Inputs!$B$2 -> 13490805 | C4: =B4 - Inputs!$B$11 -> 990804.75 | D4: $0 | E4: Full exposure
A5: Forward Contract | B5: =Inputs!$B$1 * Inputs!$B$3 -> 13720690 | C5: =B5 - Inputs!$B$11 -> 1220689.8 | D5: $0 | E5: Certainty, no upside
A6: Money Market | B6: =MoneyMarket!$B$6 -> 13690443 | C6: =B6 - Inputs!$B$11 -> 1190443.3 | D6: $0 | E6: Replicates forward
A7: Protective Put | B7: =Option!$B$7 -> 13295402 | C7: =B7 - Inputs!$B$11 -> 795402.45 | D7: =Option!$B$3 -> 195402.3 | E7: Floor at K_put
A8: Zero-Cost Collar | B8: =Option!$B$8 -> 12931035 | C8: =B8 - Inputs!$B$11 -> 431034.62 | D8: =ABS(Option!$B$5) -> 57471.265 | E8: Floor/Cap
